<?xml version="1.0" encoding="UTF-8"?>
<mule xmlns:doc="http://www.mulesoft.org/schema/mule/documentation" xmlns="http://www.mulesoft.org/schema/mule/core" xmlns:apikit="http://www.mulesoft.org/schema/mule/apikit" xmlns:http="http://www.mulesoft.org/schema/mule/http" xmlns:spring="http://www.springframework.org/schema/beans" xmlns:xsi="http://www.w3.org/2001/XMLSchema-instance" xsi:schemaLocation="http://www.mulesoft.org/schema/mule/core http://www.mulesoft.org/schema/mule/core/current/mule.xsd
http://www.mulesoft.org/schema/mule/http http://www.mulesoft.org/schema/mule/http/current/mule-http.xsd
http://www.mulesoft.org/schema/mule/apikit http://www.mulesoft.org/schema/mule/apikit/current/mule-apikit.xsd
http://www.springframework.org/schema/beans http://www.springframework.org/schema/beans/spring-beans-3.1.xsd">
    <http:listener-config name="sys-callista-student-httpListenerConfig" host="0.0.0.0" port="8081" doc:name="HTTP Listener Configuration"/>
    <apikit:config name="sys-callista-student-config" raml="sys-callista-student.raml" consoleEnabled="false" doc:name="Router"/>
    <flow name="sys-callista-student-main">
        <http:listener config-ref="sys-callista-student-httpListenerConfig" path="/api/*" doc:name="HTTP"/>
        <apikit:router config-ref="sys-callista-student-config" doc:name="APIkit Router"/>
        <exception-strategy ref="sys-callista-student-apiKitGlobalExceptionMapping" doc:name="Reference Exception Strategy"/>
    </flow>
    <flow name="sys-callista-student-console">
        <http:listener config-ref="sys-callista-student-httpListenerConfig" path="/console/*" doc:name="HTTP"/>
        <apikit:console config-ref="sys-callista-student-config" doc:name="APIkit Console"/>
    </flow>
    <flow name="get:/students:sys-callista-student-config">
        <set-payload value="[&#xA;{&#xA;&quot;studentid&quot; : &quot;STU29343&quot;,&#xA;&quot;studentFirstName&quot; : &quot;John&quot;,&#xA;&quot;studentLastName&quot; : &quot;Smith&quot;,&#xA;&quot;dateOfBirth&quot; : &quot;1993-02-10&quot;&#xA;},&#xA;{&#xA;&quot;studentid&quot; : &quot;STU29310&quot;,&#xA;&quot;studentFirstName&quot; : &quot;Tania&quot;,&#xA;&quot;studentLastName&quot; : &quot;Fulcon&quot;,&#xA;&quot;dateOfBirth&quot; : &quot;1992-03-29&quot;&#xA;},&#xA;{&#xA;&quot;studentid&quot; : &quot;STU29562&quot;,&#xA;&quot;studentFirstName&quot; : &quot;Amar&quot;,&#xA;&quot;studentLastName&quot; : &quot;Tong&quot;,&#xA;&quot;dateOfBirth&quot; : &quot;1986-11-24&quot;&#xA;}&#xA;]" doc:name="Set Payload"/>
    </flow>
    <apikit:mapping-exception-strategy name="sys-callista-student-apiKitGlobalExceptionMapping">
        <apikit:mapping statusCode="404">
            <apikit:exception value="org.mule.module.apikit.exception.NotFoundException" />
            <set-property propertyName="Content-Type" value="application/json" doc:name="Property"/>
            <set-payload value="{ &quot;message&quot;: &quot;Resource not found&quot; }" doc:name="Set Payload"/>
        </apikit:mapping>
        <apikit:mapping statusCode="405">
            <apikit:exception value="org.mule.module.apikit.exception.MethodNotAllowedException" />
            <set-property propertyName="Content-Type" value="application/json" doc:name="Property"/>
            <set-payload value="{ &quot;message&quot;: &quot;Method not allowed&quot; }" doc:name="Set Payload"/>
        </apikit:mapping>
        <apikit:mapping statusCode="415">
            <apikit:exception value="org.mule.module.apikit.exception.UnsupportedMediaTypeException" />
            <set-property propertyName="Content-Type" value="application/json" doc:name="Property"/>
            <set-payload value="{ &quot;message&quot;: &quot;Unsupported media type&quot; }" doc:name="Set Payload"/>
        </apikit:mapping>
        <apikit:mapping statusCode="406">
            <apikit:exception value="org.mule.module.apikit.exception.NotAcceptableException" />
            <set-property propertyName="Content-Type" value="application/json" doc:name="Property"/>
            <set-payload value="{ &quot;message&quot;: &quot;Not acceptable&quot; }" doc:name="Set Payload"/>
        </apikit:mapping>
        <apikit:mapping statusCode="400">
            <apikit:exception value="org.mule.module.apikit.exception.BadRequestException" />
            <set-property propertyName="Content-Type" value="application/json" doc:name="Property"/>
            <set-payload value="{ &quot;message&quot;: &quot;Bad request&quot; }" doc:name="Set Payload"/>
        </apikit:mapping>
    </apikit:mapping-exception-strategy>
</mule>
